{"steps": 40, "betas": [9.999999747378752e-05, 0.0006102563929744065, 0.001120512722991407, 0.0016307691112160683, 0.0021410256158560514, 0.002651281887665391, 0.003161538392305374, 0.0036717948969453573, 0.004182050935924053, 0.004692307207733393, 0.005202563479542732, 0.005712820217013359, 0.006223076488822699, 0.006733332760632038, 0.007243589498102665, 0.0077538457699120045, 0.008264102041721344, 0.00877435877919197, 0.009284614585340023, 0.00979487132281065, 0.010305128060281277, 0.010815384797751904, 0.011325640603899956, 0.011835897341370583, 0.01234615407884121, 0.012856409884989262, 0.013366666622459888, 0.01387692242860794, 0.014387179166078568, 0.014897435903549194, 0.015407692641019821, 0.015917949378490448, 0.016428204253315926, 0.016938460990786552, 0.01744871772825718, 0.017958974465727806, 0.018469231203198433, 0.01897948607802391, 0.019489742815494537, 0.019999999552965164], "alphas": [0.9998999834060669, 0.9993897676467896, 0.9988794922828674, 0.9983692169189453, 0.997859001159668, 0.9973487257957458, 0.9968384504318237, 0.9963282346725464, 0.9958179593086243, 0.9953076839447021, 0.99479740858078, 0.9942871928215027, 0.9937769174575806, 0.9932666420936584, 0.9927564263343811, 0.992246150970459, 0.9917358756065369, 0.9912256598472595, 0.9907153844833374, 0.9902051091194153, 0.9896948933601379, 0.9891846179962158, 0.9886743426322937, 0.9881641268730164, 0.9876538515090942, 0.9871435761451721, 0.9866333603858948, 0.9861230850219727, 0.9856128096580505, 0.9851025342941284, 0.9845923185348511, 0.984082043170929, 0.9835717678070068, 0.9830615520477295, 0.9825512766838074, 0.9820410013198853, 0.9815307855606079, 0.9810205101966858, 0.9805102348327637, 0.9800000190734863], "abars": [0.9998999834060669, 0.9992898106575012, 0.9981700778007507, 0.9965422749519348, 0.9944087266921997, 0.9917722344398499, 0.9886367321014404, 0.9850066900253296, 0.9808873534202576, 0.9762846827507019, 0.971205472946167, 0.9656571745872498, 0.9596478343009949, 0.9531861543655396, 0.9462816715240479, 0.9389443397521973, 0.9311848282814026, 0.9230142831802368, 0.9144444465637207, 0.9054875373840332, 0.8961564302444458, 0.8864641189575195, 0.8764243721961975, 0.8660511374473572, 0.8553587198257446, 0.8443618416786194, 0.8330755829811096, 0.8215150833129883, 0.8096957802772522, 0.7976333498954773, 0.7853436470031738, 0.7728425860404968, 0.7601461410522461, 0.7472704648971558, 0.7342315316200256, 0.7210454940795898, 0.7077283263206482, 0.6942960023880005, 0.680764377117157, 0.6671490669250488]}