{"steps": 60, "betas": [0.001321554183959961, 0.002670109272003174, 0.004020571708679199, 0.005374550819396973, 0.0067337751388549805, 0.008100688457489014, 0.00947660207748413, 0.010863900184631348, 0.012264490127563477, 0.013680338859558105, 0.01511383056640625, 0.016567111015319824, 0.01804274320602417, 0.019543230533599854, 0.02107137441635132, 0.022629857063293457, 0.024221718311309814, 0.02585083246231079, 0.027519822120666504, 0.02923363447189331, 0.030995666980743408, 0.03281056880950928, 0.03468364477157593, 0.036620378494262695, 0.03862655162811279, 0.040708839893341064, 0.042874693870544434, 0.04513275623321533, 0.04749143123626709, 0.049961984157562256, 0.05255532264709473, 0.05528515577316284, 0.0581660270690918, 0.06121546030044556, 0.0644528865814209, 0.06790149211883545, 0.07158732414245605, 0.0755414366722107, 0.0797995924949646, 0.08440619707107544, 0.08941125869750977, 0.09487646818161011, 0.10087776184082031, 0.10750687122344971, 0.11487853527069092, 0.12313520908355713, 0.13246113061904907, 0.14309155941009521, 0.15533888339996338, 0.16962236166000366, 0.18651849031448364, 0.20684051513671875, 0.23178154230117798, 0.2631508708000183, 0.30383431911468506, 0.35870224237442017, 0.43661320209503174, 0.5550550222396851, 0.7498328685760498, 0.9990000128746033], "alphas": [0.99867844581604, 0.9973298907279968, 0.9959794282913208, 0.994625449180603, 0.993266224861145, 0.991899311542511, 0.9905233979225159, 0.9891360998153687, 0.9877355098724365, 0.9863196611404419, 0.9848861694335938, 0.9834328889846802, 0.9819572567939758, 0.9804567694664001, 0.9789286255836487, 0.9773701429367065, 0.9757782816886902, 0.9741491675376892, 0.9724801778793335, 0.9707663655281067, 0.9690043330192566, 0.9671894311904907, 0.9653163552284241, 0.9633796215057373, 0.9613734483718872, 0.9592911601066589, 0.9571253061294556, 0.9548672437667847, 0.9525085687637329, 0.9500380158424377, 0.9474446773529053, 0.9447148442268372, 0.9418339729309082, 0.9387845396995544, 0.9355471134185791, 0.9320985078811646, 0.928412675857544, 0.9244585633277893, 0.9202004075050354, 0.9155938029289246, 0.9105887413024902, 0.9051235318183899, 0.8991222381591797, 0.8924931287765503, 0.8851214647293091, 0.8768647909164429, 0.8675388693809509, 0.8569084405899048, 0.8446611166000366, 0.8303776383399963, 0.8134815096855164, 0.7931594848632812, 0.768218457698822, 0.7368491291999817, 0.6961656808853149, 0.6412977576255798, 0.5633867979049683, 0.44494497776031494, 0.2501671314239502, 0.0009999871253967285], "abars": [0.99867844581604, 0.9960118532180786, 0.992007315158844, 0.9866757392883301, 0.9800316691398621, 0.9720927476882935, 0.9628806114196777, 0.9524199962615967, 0.9407390356063843, 0.9278693795204163, 0.9138457179069519, 0.8987059593200684, 0.8824908137321472, 0.8652440905570984, 0.8470122218132019, 0.8278444409370422, 0.8077926635742188, 0.7869105339050293, 0.7652549147605896, 0.7428837418556213, 0.7198575139045715, 0.6962385773658752, 0.6720905303955078, 0.6474782824516296, 0.6224684715270996, 0.5971285104751587, 0.5715267658233643, 0.5457322001457214, 0.5198146104812622, 0.49384361505508423, 0.4678895175457001, 0.4420221745967865, 0.41631150245666504, 0.3908267915248871, 0.3656368851661682, 0.34080958366394043, 0.31641194224357605, 0.2925097346305847, 0.26916757225990295, 0.24644815921783447, 0.2244129180908203, 0.20312142372131348, 0.1826309859752655, 0.16299690306186676, 0.1442720592021942, 0.12650708854198456, 0.10974981635808945, 0.09404554218053818, 0.07943661510944366, 0.06596238911151886, 0.05365918204188347, 0.04256029054522514, 0.032695598900318146, 0.024091724306344986, 0.0167718306183815, 0.010755738243460655, 0.0060596405528485775, 0.0026962067931890488, 0.0006745022838003933, 6.744936058566964e-07]}